2.352999945287592709e-05,-1.352429972030222416e-03,2.525700023397803307e-03,2.503699797671288252e-04,3.401980036869645119e-03,-3.900269744917750359e-03,-3.115389961749315262e-03,4.861179739236831665e-03,7.660000119358301163e-04,6.079899612814188004e-04,-5.553299561142921448e-04,3.033109940588474274e-03,-1.200799961225129664e-04,-1.462650019675493240e-03,-2.323469845578074455e-03,1.381780020892620087e-03,-5.127399927005171776e-04,1.761599996825680137e-04,5.795799661427736282e-04,2.055169781669974327e-03,3.944699710700660944e-04,4.751009866595268250e-03,2.492340048775076866e-03,-1.480150036513805389e-03,9.179399930872023106e-04
-1.777519937604665756e-03,-2.820459892973303795e-03,1.235840027220547199e-03,-7.008399697951972485e-04,1.987420022487640381e-03,-2.241950016468763351e-03,-2.204799791797995567e-03,4.493739921599626541e-03,-1.912959967739880085e-03,-1.284349942579865456e-03,-9.059800067916512489e-04,5.019630305469036102e-03,-8.547299657948315144e-04,5.267999949865043163e-05,-1.778579899109899998e-03,2.758800110314041376e-04,2.607000060379505157e-04,-1.839610049501061440e-03,-1.008659950457513332e-03,1.691340003162622452e-03,7.539599901065230370e-04,3.601549891754984856e-03,2.780730137601494789e-03,-3.698239801451563835e-03,1.249099965207278728e-03
-7.951699662953615189e-04,-2.235729945823550224e-03,1.562949968501925468e-03,-1.480299979448318481e-04,3.251030109822750092e-03,-3.683139802888035774e-03,-2.574909944087266922e-03,4.500390030443668365e-03,-5.778000195277854800e-05,1.961700036190450191e-04,-1.243719947524368763e-03,3.912319894880056381e-03,-5.536099779419600964e-04,1.969000004464760423e-05,-2.631239825859665871e-03,2.852999932656530291e-05,-5.382099770940840244e-04,-9.586300002411007881e-04,-2.497799869161099195e-04,1.870889915153384209e-03,-1.149400050053372979e-04,3.708319971337914467e-03,2.794649917632341385e-03,-2.602319931611418724e-03,7.438000175170600414e-04
7.497200276702642441e-04,-2.154369838535785675e-03,2.399639924988150597e-03,2.637619851157069206e-03,2.588379895314574242e-03,-5.080210044980049133e-03,-2.436979906633496284e-03,4.855099599808454514e-03,1.208710018545389175e-03,1.662440015934407711e-03,-2.584199886769056320e-03,2.667190041393041611e-03,-4.185400030110031366e-04,-9.333500056527554989e-04,-2.762379823252558708e-03,-1.109870034269988537e-03,-1.265719998627901077e-03,6.958799785934388638e-04,1.573610003106296062e-03,1.375099993310868740e-03,1.268209889531135559e-03,3.770299721509218216e-03,3.564819926396012306e-03,-1.018419978208839893e-03,2.029279945418238640e-03
-5.268799723125994205e-04,-2.969389781355857849e-03,2.883380046114325523e-03,-9.541999315842986107e-05,3.473710035905241966e-03,-4.370589740574359894e-03,-1.857049996033310890e-03,4.190149717032909393e-03,-1.883949851617217064e-03,1.151700038462877274e-03,-9.674099856056272984e-04,2.469239989295601845e-03,2.876200014725327492e-04,2.422999968985095620e-04,-3.357609966769814491e-03,-7.904800004325807095e-04,-1.420820015482604504e-03,-9.819000115385279059e-05,-1.769199880072847009e-04,1.173309981822967529e-03,4.186799924355000257e-04,3.413540078327059746e-03,2.436760114505887032e-03,-2.755610039457678795e-03,6.497100112028419971e-04
-2.809999932651408017e-05,-2.878229832276701927e-03,-1.752499956637620926e-04,1.755259931087493896e-03,1.440329942852258682e-03,-3.730689873918890953e-03,-2.886499976739287376e-03,4.694289527833461761e-03,1.952159916982054710e-03,5.555599927902221680e-04,-1.501519931480288506e-03,3.188309958204627037e-03,-2.002149820327758789e-03,6.896899431012570858e-04,-1.658389926888048649e-03,-1.106999989133328199e-04,-1.806630054488778114e-03,-9.109799866564571857e-04,1.278999960049986839e-03,1.180299906991422176e-03,-7.135999476304277778e-05,3.515089862048625946e-03,5.290449596941471100e-03,-2.732849912717938423e-03,3.596099850255995989e-04
-3.409000055398792028e-05,-6.898199790157377720e-04,2.347399946302175522e-03,1.849989988841116428e-03,2.656019758433103561e-03,-3.309270134195685387e-03,-2.452970016747713089e-03,4.497869871556758881e-03,1.194700016640126705e-03,2.006249967962503433e-03,-1.332779997028410435e-03,3.845469793304800987e-03,-1.388649921864271164e-03,9.486299823038280010e-04,-2.945350017398595810e-03,1.906029996462166309e-03,-5.719999899156391621e-04,-2.091750036925077438e-03,1.025369972921907902e-03,1.790239941328763962e-03,1.716739963740110397e-03,3.526389831677079201e-03,3.648949787020683289e-03,-1.639049965888261795e-03,4.428299725987017155e-04
-1.390219898894429207e-03,-9.171599522233009338e-04,1.338500005658715963e-04,1.054230029694736004e-03,2.611520001664757729e-03,-5.038729868829250336e-03,-1.951329992152750492e-03,5.743949674069881439e-03,1.533259986899793148e-03,2.573899924755096436e-03,8.510699844919145107e-04,2.526749856770038605e-03,-2.598600112833082676e-04,-4.192799970041960478e-04,-3.023430006578564644e-03,-8.840000373311340809e-05,-6.303399568423628807e-04,-1.197889912873506546e-03,-3.226599656045436859e-04,1.120089902542531490e-03,-6.352399941533803940e-04,3.706929972395300865e-03,3.012439934536814690e-03,-3.090779995545744896e-03,2.973400114569813013e-04
-6.493200198747217655e-04,-2.049200003966689110e-03,2.815670100972056389e-03,2.586999835330061615e-05,2.378049772232770920e-03,-3.636209992691874504e-03,-1.942279865033924580e-03,5.264710169285535812e-03,1.898000045912340283e-04,8.459999662591144443e-05,-5.609399522654712200e-04,3.358299843966960907e-03,-4.332799871917814016e-04,-1.025189994834363461e-03,-2.818459877744317055e-03,7.251200149767100811e-04,-4.902899963781237602e-04,-2.940299746114760637e-04,5.652399850077927113e-04,1.607459853403270245e-03,8.472199551761150360e-04,3.718119813129305840e-03,2.950200112536549568e-03,-1.701649976894259453e-03,1.042659976519644260e-03
-8.219899609684944153e-04,-1.364029943943023682e-03,9.875999530777335167e-04,1.911099971039220691e-04,3.003840101882815361e-03,-3.928579855710268021e-03,-2.934729913249611855e-03,4.796760156750679016e-03,2.754899905994534492e-04,9.962099138647317886e-04,3.556999945431016386e-05,3.331759711727499962e-03,-4.889999981969594955e-04,2.926599991042166948e-04,-2.657180186361074448e-03,-1.476600009482353926e-04,-4.629199975170195103e-04,-1.511220005340874195e-03,-9.892099769786000252e-04,1.526889973320066929e-03,-2.194999979110434651e-04,3.297849791124463081e-03,2.676540054380893707e-03,-3.287439933046698570e-03,9.936100104823708534e-04
-1.304299948969855905e-04,-9.485699702054262161e-04,8.973299409262835979e-04,-2.837599895428866148e-04,3.615929977968335152e-03,-4.021349828690290451e-03,-1.745609915815293789e-03,5.950809456408023834e-03,6.271199672482907772e-04,3.394039813429117203e-03,8.487699669785797596e-04,3.015939844772219658e-03,4.082600062247365713e-04,-2.036399964708834887e-04,-1.469309907406568527e-03,-9.869500063359737396e-04,8.575699757784605026e-04,-1.135919941589236259e-03,-2.215599961346015334e-04,2.238099928945302963e-03,1.544239930808544159e-03,4.333070013672113419e-03,2.854140009731054306e-03,-2.360089914873242378e-03,-6.421600119210779667e-04
5.809299764223396778e-04,-2.070569898933172226e-03,2.552129793912172318e-03,1.279699936276301742e-04,2.788929967209696770e-03,-3.880199976265430450e-03,-2.429520012810826302e-03,4.242629744112491608e-03,2.788300043903291225e-04,3.620299976319074631e-04,-1.044600037857890129e-03,4.229459911584854126e-03,-1.277150004170835018e-03,-2.428900043014436960e-04,-2.247979864478111267e-03,5.758999614045023918e-04,-1.033099950291216373e-03,-7.685399614274501801e-04,-1.358000008622184396e-04,1.093760016374289989e-03,-1.086800009943544865e-03,2.627910114824771881e-03,4.050809890031814575e-03,-2.215869957581162453e-03,6.362099666148424149e-04
8.757299510762095451e-04,-1.464889966882765293e-03,1.244259998202323914e-03,-4.738999705296009779e-04,3.431949764490127563e-03,-3.448089817538857460e-03,-2.446359954774379730e-03,3.735889913514256477e-03,-2.108999979100190103e-05,8.676399593241512775e-04,-2.113299909979104996e-03,3.581049852073192596e-03,-1.536000054329633713e-03,4.626599838957190514e-04,-3.391030011698603630e-03,-5.647999932989478111e-05,-2.777999907266348600e-05,8.271999831777065992e-05,-2.610399969853460789e-04,2.816390013322234154e-03,3.108499804511666298e-04,3.558829892426729202e-03,3.713969839736819267e-03,-2.091010101139545441e-03,1.318220049142837524e-03
-8.420099620707333088e-04,-2.240560017526149750e-03,1.242619939148426056e-03,-4.704399907495826483e-04,2.545489929616451263e-03,-3.582699922844767570e-03,-2.625199733301997185e-03,4.648319911211729050e-03,-3.329300088807940483e-04,5.532699869945645332e-04,-4.190199833828955889e-04,3.738409839570522308e-03,-8.045199792832136154e-04,1.919599890243262053e-04,-2.599389757961034775e-03,1.882299984572455287e-04,-6.309199961833655834e-04,-6.178799667395651340e-04,-3.857599804177880287e-04,1.942609902471303940e-03,-1.869999891823681537e-06,3.795380005612969398e-03,3.298440016806125641e-03,-2.923020161688327789e-03,6.858699489384889603e-04
-2.120479941368103027e-03,-1.535679912194609642e-03,2.953549847006797791e-03,-1.839659875258803368e-03,2.597919898107647896e-03,-3.835659939795732498e-03,-2.151409862563014030e-03,4.178829956799745560e-03,-2.305489964783191681e-03,-7.861299673095345497e-04,-2.774999848043080419e-05,4.095919895917177200e-03,-8.532500360161066055e-04,1.124619971960783005e-03,-3.801760030910372734e-03,2.190200029872357845e-04,5.140999564900994301e-05,-1.912939944304525852e-03,-2.374179894104599953e-03,1.660189940594136715e-03,-4.733699897769838572e-04,2.333729993551969528e-03,2.207239856943488121e-03,-3.387129865586757660e-03,2.291549928486347198e-03
-2.914500073529779911e-04,-2.101919846609234810e-03,1.330309896729886532e-03,-1.299149938859045506e-03,3.885059850290417671e-03,-4.930160008370876312e-03,-1.367190037854015827e-03,4.684899933636188507e-03,-2.093720017001032829e-03,-3.928099758923053741e-04,-2.253499988000839949e-04,2.807409968227148056e-03,-3.121999907307326794e-05,2.384199906373396516e-04,-2.338279969990253448e-03,-1.873039989732205868e-03,-4.982199752703309059e-04,-1.500079873949289322e-03,-1.507090055383741856e-03,1.800879952497780323e-03,-1.797450007870793343e-03,2.840079832822084427e-03,1.087779994122684002e-03,-5.378180183470249176e-03,2.260319888591766357e-03
1.234999945154413581e-04,-8.550999918952584267e-04,9.155099396593868732e-04,3.975500003434717655e-04,2.841789973899722099e-03,-4.703469574451446533e-03,-2.985629951581358910e-03,4.685789812356233597e-03,-1.842999881773721427e-05,9.546899818815290928e-04,3.658999776234850287e-05,2.959299832582473755e-03,-7.716999971307814121e-04,4.870200064033269882e-04,-1.779669895768165588e-03,9.761500405147671700e-04,3.672899911180138588e-04,-1.367860008031129837e-03,-5.893799825571477413e-04,2.095639938488602638e-03,-1.040900024236179888e-04,3.679389832541346550e-03,3.041679738089442253e-03,-2.767229918390512466e-03,2.285600057803094387e-04
5.610000243905233219e-06,-1.524299965240061283e-03,1.932300045154988766e-03,4.725699836853891611e-04,2.035189885646104813e-03,-3.198039950802922249e-03,-3.734139958396553993e-03,3.846049774438142776e-03,-3.564000071492046118e-04,4.915299941785633564e-04,-1.047059893608093262e-03,3.740669926628470421e-03,-1.252820016816258430e-03,1.048189937137067318e-03,-2.696149982511997223e-03,1.236579963006079197e-03,-1.173519995063543320e-03,-1.108570024371147156e-03,-6.372799398377537727e-04,8.101599523797631264e-04,6.333299679681658745e-04,3.638899885118007660e-03,4.161339718848466873e-03,-2.082280116155743599e-03,1.375589985400438309e-03
-2.793399908114224672e-04,-2.485069911926984787e-03,2.456230111420154572e-03,-3.202799998689442873e-04,3.323880024254322052e-03,-3.131109988316893578e-03,-2.356909913942217827e-03,3.430929966270923615e-03,-2.866980154067277908e-03,-1.079999958164989948e-03,-2.753389999270439148e-03,4.308809991925954819e-03,1.034399901982396841e-04,1.012249966152012348e-03,-3.249909728765487671e-03,7.494699675589799881e-04,-1.287589897401630878e-03,-2.060599945252761245e-04,2.087199973175302148e-04,1.942949951626360416e-03,8.998300181701779366e-04,3.789789974689483643e-03,2.462720032781362534e-03,-2.667709719389677048e-03,5.695300060324370861e-04
-9.534799610264599323e-04,-1.291680033318698406e-03,4.149099986534565687e-04,1.905299868667498231e-04,3.193429904058575630e-03,-3.755359910428524017e-03,-2.155619906261563301e-03,4.283749964088201523e-03,-9.166000381810590625e-05,6.184299709275364876e-04,-5.254299612715840340e-04,4.322449676692485809e-03,-1.530000008642673492e-05,2.859999767679255456e-05,-2.491199877113103867e-03,1.087720040231943130e-03,-1.156139886006712914e-03,7.118300418369472027e-04,-2.216999746451620013e-05,2.375120064243674278e-03,-4.665099841076880693e-04,4.170480184257030487e-03,2.695420058444142342e-03,-2.932019997388124466e-03,-2.409999979136046022e-06
-8.968999463832005858e-05,-3.100340021774172783e-03,7.855000440031290054e-04,1.132019911892712116e-03,2.626830013468861580e-03,-3.706239862367510796e-03,-3.866419894620776176e-03,4.322529770433902740e-03,1.008410006761550903e-03,1.635959954001009464e-03,-5.444199778139591217e-04,3.311679931357502937e-03,-1.457580015994608402e-03,-1.716599945211783051e-04,-1.417279941961169243e-03,1.709599891910329461e-04,-1.856189919635653496e-03,-4.060999708599410951e-05,1.185729983262717724e-03,1.081470050849020481e-03,1.498730038292706013e-03,4.494909662753343582e-03,3.662159899249672890e-03,-1.859859912656247616e-03,-3.840199788101017475e-04
-2.086699823848903179e-04,-1.812860020436346531e-03,1.826000050641596317e-03,5.855400231666862965e-04,2.374300034716725349e-03,-4.581450019031763077e-03,-2.031049923971295357e-03,4.619630053639411926e-03,-2.119499986292794347e-04,1.551190041936933994e-03,-3.129599790554493666e-04,2.907839836552739143e-03,-1.448089838959276676e-03,2.506900054868310690e-04,-2.296469872817397118e-03,-1.385299983667209744e-04,2.575200051069259644e-04,-7.089999853633344173e-04,-4.510999860940501094e-05,1.507509965449571609e-03,7.126899436116218567e-04,3.720929846167564392e-03,3.555259900167584419e-03,-2.628290094435214996e-03,-1.764000080584082752e-05
8.254399872384965420e-04,-1.357139903120696545e-03,1.989599986700341105e-04,3.738699888344854116e-04,3.851279849186539650e-03,-3.904080018401145935e-03,-3.102709772065281868e-03,4.424919839948415756e-03,9.414699743501842022e-04,1.712819910608232021e-03,-9.443999733775854111e-04,3.520139958709478378e-03,3.336200024932622910e-04,-2.590299991425126791e-04,-2.115939976647496223e-03,-6.030999938957393169e-04,-1.592690008692443371e-03,-6.746699800714850426e-04,9.626000246498733759e-05,1.116830040700733662e-03,5.868399748578667641e-04,4.040319938212633133e-03,3.263029968366026878e-03,-3.034760011360049248e-03,6.748600280843675137e-04
-1.475719967857003212e-03,-1.982869813218712807e-03,3.897900169249624014e-04,2.387299900874495506e-04,1.577250077389180660e-03,-3.953000064939260483e-03,-3.162940032780170441e-03,4.468549974262714386e-03,2.905399887822568417e-04,5.024099955335259438e-04,-7.360999734373763204e-05,3.584139747545123100e-03,-1.362999901175498962e-03,1.054099993780255318e-04,-1.939460053108632565e-03,6.448499625548720360e-04,-6.973400013521313667e-04,-9.495600243099033833e-04,-2.311599964741617441e-04,1.774669974111020565e-03,-2.633199910633265972e-04,3.484579734504222870e-03,4.081769846379756927e-03,-2.897219965234398842e-03,1.586999860592186451e-05
-3.934899868909269571e-04,-1.826670020818710327e-03,9.042699239216744900e-04,-2.214499836554750800e-04,2.990619977936148643e-03,-3.774289973080158234e-03,-2.613799879327416420e-03,4.296659957617521286e-03,-2.196599816670641303e-04,5.573399830609560013e-04,-6.791199557483196259e-04,3.405679948627948761e-03,-9.319499949924647808e-04,4.805099742952734232e-04,-2.247819909825921059e-03,5.864499835297465324e-04,-4.860800108872354031e-04,-3.746299771592020988e-04,-1.147799994214437902e-04,1.937489956617355347e-03,-1.340000039817823563e-06,3.668290097266435623e-03,3.369149751961231232e-03,-2.969830064103007317e-03,8.508100290782749653e-04
-3.344399738125503063e-04,-2.327030058950185776e-03,4.423999926075339317e-04,3.031799860764294863e-04,1.777990022674202919e-03,-2.883070148527622223e-03,-3.138320054858922958e-03,4.250329919159412384e-03,-1.424019923433661461e-03,9.080699528567492962e-04,-5.274699651636183262e-04,3.451759926974773407e-03,-2.616599958855658770e-04,2.388210035860538483e-03,-2.380129881203174591e-03,4.549299774225801229e-04,-3.409000055398792028e-05,-5.748999537900090218e-04,-1.112799945985898376e-04,1.228229957632720470e-03,3.809700137935578823e-04,4.938479978591203690e-03,3.999359905719757080e-03,-3.275060094892978668e-03,-3.749399911612272263e-04
-1.079870038665831089e-03,-2.333099953830242157e-03,1.301590004004538059e-03,1.183700005640275776e-04,3.042779862880706787e-03,-3.483870066702365875e-03,-3.034749766811728477e-03,4.293459933251142502e-03,-3.682599926833063364e-04,5.871399771422147751e-04,-3.076799912378191948e-04,4.092259798198938370e-03,-3.301500109955668449e-04,1.049999900715192780e-05,-2.393759787082672119e-03,1.561699900776147842e-04,-1.158529892563819885e-03,2.224999843747355044e-05,-6.160699995234608650e-04,1.630070037208497524e-03,-4.865099617745727301e-04,3.602499840781092644e-03,3.424139926210045815e-03,-2.922649960964918137e-03,8.609399665147066116e-04
-1.573500048834830523e-04,-1.783449901267886162e-03,1.462859916500747204e-03,-4.295499820727854967e-04,2.936230041086673737e-03,-4.249100107699632645e-03,-2.285819966346025467e-03,4.466840066015720367e-03,2.248999771836679429e-05,7.150399615056812763e-04,-2.572499797679483891e-04,3.278799820691347122e-03,-1.960189780220389366e-03,-3.312899789307266474e-04,-3.113720100373029709e-03,9.212000441038981080e-05,8.883999544195830822e-05,1.103499962482601404e-04,8.937600068747997284e-04,1.696639927104115486e-03,-3.499999875202775002e-04,3.326080041006207466e-03,3.008289961144328117e-03,-2.704479964450001717e-03,2.368899877183139324e-04
-1.625989913009107113e-03,-1.733289915136992931e-03,4.551599849946796894e-04,-8.925700094550848007e-04,2.675580093637108803e-03,-4.432050045579671860e-03,-2.584029920399188995e-03,4.790169652551412582e-03,1.205899970955215394e-04,7.175800274126231670e-04,9.693799656815826893e-04,2.728169783949851990e-03,2.692799898795783520e-04,1.530549954622983932e-03,-2.424839884042739868e-03,1.953119877725839615e-03,-2.864199923351407051e-04,-1.849910011515021324e-03,-3.029400017112493515e-03,1.941569964401423931e-03,-1.192399999126791954e-03,3.227620152756571770e-03,4.092949908226728439e-03,-1.953690079972147942e-03,4.290000106266234070e-06
-5.215000128373503685e-04,-1.643729861825704575e-03,1.964259892702102661e-03,-1.109870034269988537e-03,3.174349898472428322e-03,-3.347109770402312279e-03,-2.463580109179019928e-03,4.461830016225576401e-03,-1.016480033285915852e-03,1.487599947722628713e-04,-2.878899977076798677e-04,3.994429949671030045e-03,-4.400800098665058613e-04,4.815199936274439096e-04,-2.762579824775457382e-03,5.779400235041975975e-04,-5.971000064164400101e-05,-1.268859952688217163e-03,-9.391399798914790154e-04,1.787789980880916119e-03,-2.352199953747913241e-04,3.438959829509258270e-03,2.229189965873956680e-03,-2.773829968646168709e-03,6.760399555787444115e-04
-4.314999969210475683e-04,-1.642760005779564381e-03,4.443799844011664391e-04,-3.559000106179155409e-05,2.356959972530603409e-03,-3.830189816653728485e-03,-2.592410193756222725e-03,4.969689995050430298e-03,1.241200079675763845e-04,8.937499369494616985e-04,-3.564099897630512714e-04,3.550889901816844940e-03,-6.485999620053917170e-05,2.817499917000532150e-04,-2.465569879859685898e-03,-7.395599386654794216e-04,-5.325200036168098450e-04,-9.498999861534684896e-05,-9.182299254462122917e-04,9.356500231660902500e-04,-5.546500324271619320e-04,3.246259875595569611e-03,3.608509898185729980e-03,-3.597589908167719841e-03,1.794469892047345638e-03
-6.807299796491861343e-04,-1.685749972239136696e-03,1.797450007870793343e-03,8.340000022144522518e-06,2.701649907976388931e-03,-4.389599896967411041e-03,-2.560779917985200882e-03,4.702529869973659515e-03,-5.511500057764351368e-04,5.604799953289330006e-04,-8.837399655021727085e-04,3.753660013899207115e-03,-9.760299581103026867e-04,9.642799850553274155e-04,-2.831859746947884560e-03,6.939399754628539085e-04,-9.033499518409371376e-04,-6.622699438594281673e-04,1.044699965859763324e-04,1.783429994247853756e-03,2.635199925862252712e-04,3.537729848176240921e-03,3.060349961742758751e-03,-2.409549895673990250e-03,1.260549994185566902e-03
-1.217470038682222366e-03,-3.482779720798134804e-03,2.957799937576055527e-03,-4.001080058515071869e-03,3.178929910063743591e-03,-3.376449923962354660e-03,-1.205250038765370846e-03,3.910079598426818848e-03,-4.629049915820360184e-03,-1.631440012715756893e-03,-2.520579844713211060e-03,4.579490050673484802e-03,9.211499709635972977e-04,1.184670021757483482e-03,-4.970579873770475388e-03,-1.449649920687079430e-03,-1.342550036497414112e-03,-5.196799756959080696e-04,-2.185249933972954750e-03,3.903520060703158379e-03,-2.702400088310241699e-04,1.437709899619221687e-03,1.351249986328184605e-03,-3.225120017305016518e-03,2.878839848563075066e-03
-1.747839967720210552e-03,-1.204799977131187916e-03,1.443999935872852802e-03,7.565200212411582470e-04,3.444619942456483841e-03,-4.790529608726501465e-03,-2.496379893273115158e-03,5.538579542189836502e-03,-1.146099966717883945e-04,1.073789899237453938e-03,-8.307199459522962570e-04,3.719629952684044838e-03,8.884499548003077507e-04,1.067640027031302452e-03,-2.068690024316310883e-03,1.267299958271905780e-04,-1.610499894013628364e-04,-1.959119923412799835e-03,4.504099779296666384e-04,1.090270001441240311e-03,3.446199989411979914e-04,3.493750002235174179e-03,1.241839956492185593e-03,-2.419430064037442207e-03,5.499399849213659763e-04
-4.857600142713636160e-04,-1.588229904882609844e-03,4.904599627479910851e-04,7.565700216218829155e-04,1.028859987854957581e-03,-3.027789760380983353e-03,-3.452969947829842567e-03,4.212399944663047791e-03,-3.951299877371639013e-04,-1.759500009939074516e-04,-9.120299364440143108e-04,4.496319685131311417e-03,-1.333029940724372864e-03,9.122899500653147697e-04,-3.060169983655214310e-03,1.559659955091774464e-03,2.225200005341321230e-04,-1.599960029125213623e-03,-7.232499774545431137e-04,1.223789993673563004e-03,-5.507899913936853409e-04,3.460939973592758179e-03,4.575119819492101669e-03,-2.497870009392499924e-03,-2.490000042598694563e-05
-1.699779881164431572e-03,-2.082610037177801132e-03,1.642599934712052345e-03,-1.665540039539337158e-03,2.454600064083933830e-03,-2.509489888325333595e-03,-2.384949941188097000e-03,4.515399690717458725e-03,-1.390389865264296532e-03,1.353800034848973155e-04,-1.384200004395097494e-04,4.014300182461738586e-03,2.734900044742971659e-04,5.603099707514047623e-04,-2.575370017439126968e-03,6.503500044345855713e-04,-1.168719958513975143e-03,-1.051609986461699009e-03,-1.235269941389560699e-03,2.063009887933731079e-03,-4.897600156255066395e-04,3.519850084558129311e-03,3.393979975953698158e-03,-2.589150099083781242e-03,6.678299978375434875e-04
-1.540169934742152691e-03,-2.494469983503222466e-03,1.536589930765330791e-03,7.948199636302888393e-04,1.148009905591607094e-03,-4.594219848513603210e-03,-2.586869755759835243e-03,4.814439918845891953e-03,2.875000063795596361e-04,6.049999865354038775e-05,-5.550200003199279308e-04,4.702639766037464142e-03,-2.526499796658754349e-03,-9.838399710133671761e-04,-2.157959854230284691e-03,7.034300360828638077e-04,1.423399953637272120e-04,7.037100149318575859e-04,1.503039966337382793e-03,2.353810006752610207e-03,-1.977200008695945144e-04,2.479629823938012123e-03,4.059779923409223557e-03,-1.862779958173632622e-03,5.505599547177553177e-04
-1.925660064443945885e-03,9.429999772692099214e-05,2.494579879567027092e-03,-5.107299657538533211e-04,3.937369678169488907e-03,-4.450439941138029099e-03,-9.122599731199443340e-04,5.735419690608978271e-03,1.269800006411969662e-03,3.125570015981793404e-03,2.386699925409629941e-04,2.735249930992722511e-03,-6.821999704698100686e-05,-1.330309896729886532e-03,-3.805839922279119492e-03,1.656899985391646624e-04,7.407599478028714657e-04,-2.215499989688396454e-03,-5.769399576820433140e-04,2.248750068247318268e-03,3.238899807911366224e-04,3.043180098757147789e-03,1.566189923323690891e-03,-2.623969921842217445e-03,4.134699993301182985e-04
-3.975599829573184252e-04,-2.022889908403158188e-03,1.330689876340329647e-03,-3.321199910715222359e-04,2.454199828207492828e-03,-3.769639879465103149e-03,-2.563270041719079018e-03,4.227809607982635498e-03,-1.345810014754533768e-03,3.474399854894727468e-04,-9.572799899615347385e-04,3.841710044071078300e-03,-2.545600000303238630e-04,4.626499721780419350e-04,-2.909449860453605652e-03,2.028699964284896851e-04,-1.546989893540740013e-03,-2.362399827688932419e-04,-4.442799836397171021e-04,1.924049924127757549e-03,6.295099738053977489e-04,3.564169863238930702e-03,2.863770117983222008e-03,-3.057329915463924408e-03,8.203099714592099190e-04
-1.752989948727190495e-03,-7.371199899353086948e-04,6.174099398776888847e-04,8.750300039537250996e-04,3.707239869982004166e-03,-3.481029765680432320e-03,-2.822649898007512093e-03,3.806610126048326492e-03,-4.216799861751496792e-04,5.603599711321294308e-04,-1.290219952352344990e-03,2.933729905635118484e-03,7.201399421319365501e-04,-8.751999121159315109e-05,-3.585659665986895561e-03,1.182429958134889603e-03,-1.441189902834594250e-03,-7.666099700145423412e-04,-9.480399312451481819e-04,1.793199917301535606e-03,4.190999970887787640e-05,4.333519842475652695e-03,2.438299823552370071e-03,-3.235389711335301399e-03,9.224300156347453594e-04
-1.347999932477250695e-04,-2.641350030899047852e-03,8.928199531510472298e-04,2.661299949977546930e-04,2.292969962581992149e-03,-3.028689883649349213e-03,-3.279899945482611656e-03,2.967459848150610924e-03,3.086099750362336636e-04,-4.349499940872192383e-04,-2.032299991697072983e-03,4.307609982788562775e-03,-2.196879824623465538e-03,1.471699943067505956e-04,-2.453859895467758179e-03,1.196369994431734085e-03,-2.040890045464038849e-03,-4.982699756510555744e-04,7.816699799150228500e-04,1.965380040928721428e-03,-8.953799842856824398e-04,3.728139912709593773e-03,4.437219817191362381e-03,-2.673780079931020737e-03,1.293700042879208922e-04
-2.770900027826428413e-04,-9.019999997690320015e-04,2.278259955346584320e-03,-1.019989955238997936e-03,4.065889865159988403e-03,-3.306410042569041252e-03,-1.652739942073822021e-03,4.054680000990629196e-03,-6.614899612031877041e-04,3.496899735182523727e-04,-7.026600069366395473e-04,4.810889717191457748e-03,-1.083089970052242279e-03,-1.495699980296194553e-04,-2.297440078109502792e-03,1.688889926299452782e-03,4.358199948910623789e-04,-1.084719900973141193e-03,-2.400599914835765958e-04,3.032719949260354042e-03,3.021099837496876717e-04,4.276409745216369629e-03,2.049839822575449944e-03,-2.241980051621794701e-03,-6.950700189918279648e-04
-7.557400385849177837e-04,-2.484099939465522766e-03,3.312219865620136261e-03,-2.682199992705136538e-04,2.568069845438003540e-03,-3.501439932733774185e-03,-2.384250052273273468e-03,3.923679701983928680e-03,-1.222979975864291191e-03,-4.553800099529325962e-04,-1.643319963477551937e-03,4.311379976570606232e-03,-1.557699986733496189e-03,5.659999806084670126e-05,-3.162649692967534065e-03,1.008510007523000240e-03,-4.070299910381436348e-04,-5.383999668993055820e-04,2.416699862806126475e-04,1.079050009138882160e-03,1.010539941489696503e-03,2.742469776421785355e-03,3.056449815630912781e-03,-1.709689851850271225e-03,7.660900009796023369e-04
-3.089600068051367998e-04,-2.572299854364246130e-04,1.346420031040906906e-03,6.808899925090372562e-04,3.485689871013164520e-03,-3.448389936238527298e-03,-2.506259828805923462e-03,4.219529684633016586e-03,4.915599711239337921e-04,9.883700404316186905e-04,-1.837859977968037128e-03,3.639149945229291916e-03,-5.968999903416261077e-05,-3.848699852824211121e-04,-3.724650014191865921e-03,1.356499851681292057e-03,-3.323800046928226948e-04,-1.567799918120726943e-04,-4.129799781367182732e-04,1.921429880894720554e-03,-1.330739934928715229e-03,3.798529971390962601e-03,3.316729795187711716e-03,-2.069129841402173042e-03,1.707909977994859219e-03
-8.433499606326222420e-04,-2.512620063498616219e-03,1.524089951999485493e-03,2.165500045521184802e-04,2.161310054361820221e-03,-3.891389816999435425e-03,-2.609340008348226547e-03,4.353419877588748932e-03,-4.895299789495766163e-04,6.348799797706305981e-04,-3.328600141685456038e-04,3.796509932726621628e-03,-6.409799680113792419e-04,2.252999984193593264e-04,-2.988129854202270508e-03,2.434699999867007136e-04,-9.907799540087580681e-04,-7.542999810539186001e-04,-4.826599906664341688e-04,2.076680073514580727e-03,2.858199877664446831e-04,3.328840015456080437e-03,3.633199958130717278e-03,-2.956289798021316528e-03,3.223500098101794720e-04
-1.689199852989986539e-04,-1.714079990051686764e-03,5.291900015436112881e-04,-4.976000054739415646e-04,3.807550063356757164e-03,-3.906439989805221558e-03,-2.889479976147413254e-03,2.876779995858669281e-03,-1.071489998139441013e-03,5.682699847966432571e-04,-8.995299576781690121e-04,4.140680190175771713e-03,-1.023089978843927383e-03,9.336299845017492771e-04,-2.860180102288722992e-03,4.875199811067432165e-04,-2.401559846475720406e-03,7.354999979725107551e-05,-1.807529828511178493e-03,2.688480075448751450e-03,-8.468999294564127922e-04,2.557320054620504379e-03,3.992570098489522934e-03,-2.992609981447458267e-03,4.627300077117979527e-04
-5.207499489188194275e-04,-2.756559988483786583e-03,-3.043399774469435215e-04,1.392520032823085785e-03,1.985089853405952454e-03,-3.398399800062179565e-03,-4.494159948080778122e-03,3.879840020090341568e-03,5.245999782346189022e-04,-1.485099928686395288e-04,-9.323299746029078960e-04,2.993419999256730080e-03,-1.567170023918151855e-03,1.327439909800887108e-03,-1.828879932872951031e-03,-2.701299963518977165e-04,-1.501680002547800541e-03,-1.157219987362623215e-03,-5.490399780683219433e-04,-3.740000101970508695e-05,-9.989999234676361084e-04,3.503349842503666878e-03,4.444989841431379318e-03,-3.939690068364143372e-03,1.399639993906021118e-03
-2.843999936885666102e-05,-2.918930025771260262e-03,1.293960027396678925e-03,-9.430799400433897972e-04,1.714539946988224983e-03,-2.966379979625344276e-03,-2.276969840750098228e-03,3.496269695460796356e-03,-1.487359986640512943e-03,-9.075800189748406410e-04,-2.384060062468051910e-03,4.007049836218357086e-03,-1.419450039975345135e-03,7.971799932420253754e-04,-2.991319866850972176e-03,1.047219964675605297e-03,-5.290699773468077183e-04,-1.210300019010901451e-03,-2.470799954608082771e-04,2.843089867383241653e-03,5.715899751521646976e-04,3.982179798185825348e-03,4.347119946032762527e-03,-2.095319796353578568e-03,-6.443099700845777988e-04
-7.741299923509359360e-04,-1.219799974933266640e-03,1.132700010202825069e-03,2.116299874614924192e-04,2.241659909486770630e-03,-3.822219790890812874e-03,-2.614549826830625534e-03,5.631249863654375076e-03,-1.842999881773721427e-05,1.643989933654665947e-03,-7.723599555902183056e-04,3.442419925704598427e-03,-7.683400181122124195e-04,1.280300057260319591e-04,-3.583810059353709221e-03,-9.121999610215425491e-04,-1.762299943948164582e-04,-1.793419942259788513e-03,-7.554700132459402084e-04,1.387930009514093399e-03,1.126100032706744969e-04,2.255710074678063393e-03,2.990469802170991898e-03,-2.824650146067142487e-03,1.259299926459789276e-03
-1.834759954363107681e-03,-1.934799947775900364e-03,2.092320006340742111e-03,-1.700990018434822559e-03,2.811189740896224976e-03,-3.986029885709285736e-03,-1.927620032802224159e-03,4.950779955834150314e-03,-5.656399880535900593e-04,9.969499660655856133e-04,-2.272499841637909412e-04,3.778350073844194412e-03,-3.042199823539704084e-04,-9.750299504958093166e-04,-2.917360048741102219e-03,2.024899877142161131e-04,5.604299949482083321e-04,-6.243899697437882423e-04,6.405999884009361267e-04,2.861370099708437920e-03,2.848000149242579937e-04,3.492329968139529228e-03,1.723639899864792824e-03,-2.633200027048587799e-03,1.691899960860610008e-04
-5.847599823027849197e-04,-2.071399940177798271e-03,2.187979873269796371e-03,-3.972699632868170738e-04,3.367739729583263397e-03,-4.505789838731288910e-03,-2.074959920719265938e-03,4.453849978744983673e-03,-9.802799904718995094e-04,2.813900064211338758e-04,-6.106899818405508995e-04,3.344529774039983749e-03,-9.152999846264719963e-04,7.398200104944407940e-04,-3.157339990139007568e-03,1.825699873734265566e-04,-4.400600155349820852e-04,6.684999971184879541e-05,-9.049000072991475463e-05,1.591149950399994850e-03,-1.114799961214885116e-04,3.301880089566111565e-03,3.636420005932450294e-03,-3.056329907849431038e-03,7.506699766963720322e-04
-8.171499939635396004e-04,-1.228109933435916901e-03,2.247459953650832176e-03,-1.735029974952340126e-03,4.342840053141117096e-03,-4.516750108450651169e-03,-5.997499683871865273e-04,4.201130010187625885e-03,-1.897469977848231792e-03,8.165799663402140141e-04,3.279100055806338787e-04,3.797410055994987488e-03,-6.199999916134402156e-06,5.542699946090579033e-04,-2.296169986948370934e-03,8.550999336875975132e-05,-5.694499704986810684e-04,3.321399854030460119e-04,-2.515800006221979856e-04,2.103520091623067856e-03,-6.869999651826219633e-06,4.740070085972547531e-03,1.756789977662265301e-03,-2.667529741302132607e-03,5.371500155888497829e-04
4.369800153654068708e-04,-9.962699841707944870e-04,6.512299878522753716e-04,-8.399899816140532494e-04,4.207499790936708450e-03,-4.238369874656200409e-03,-1.731940079480409622e-03,4.816520027816295624e-03,-1.397500018356367946e-04,1.297859940677881241e-03,-7.615700014866888523e-04,3.271800000220537186e-03,9.390499908477067947e-04,-4.095299809705466032e-04,-2.995719900354743004e-03,-7.903400110080838203e-04,-5.100200069136917591e-04,-2.346509834751486778e-03,-2.292239805683493614e-03,1.703609945252537727e-03,-3.761700063478201628e-04,3.043949836865067482e-03,2.312680007889866829e-03,-3.769170027226209641e-03,1.470610033720731735e-03
-7.759299478493630886e-04,-1.530230045318603516e-03,1.360099995508790016e-03,-1.233080052770674229e-03,2.443860052153468132e-03,-3.332720138132572174e-03,-2.333980053663253784e-03,4.470439627766609192e-03,-1.526999985799193382e-03,1.925899996422231197e-04,-2.361000042583327740e-05,4.535099957138299942e-03,-3.904399927705526352e-04,1.540399971418082714e-04,-1.831509987823665142e-03,3.471799718681722879e-04,2.630999915709253401e-05,-9.715200285427272320e-04,-9.315700153820216656e-04,1.799859921447932720e-03,3.341399715282022953e-04,4.048080183565616608e-03,2.021380001679062843e-03,-2.861770102754235268e-03,1.317379996180534363e-03
-1.270350068807601929e-03,-2.027380047366023064e-03,2.358400088269263506e-04,-1.400700071826577187e-03,2.682290039956569672e-03,-3.884949954226613045e-03,-4.076540004462003708e-03,4.222949966788291931e-03,-1.056469976902008057e-03,-9.210499702021479607e-04,-1.550099987071007490e-04,3.851339919492602348e-03,5.450699827633798122e-04,1.822289894334971905e-03,-1.835010014474391937e-03,1.320159994065761566e-03,-1.730889896862208843e-03,1.806600048439577222e-04,-1.186389941722154617e-03,1.983919879421591759e-03,-8.812699816189706326e-04,4.117409698665142059e-03,2.057329984381794930e-03,-2.617779886350035667e-03,1.569909974932670593e-03
-1.135869999416172504e-03,-1.607310026884078979e-03,2.586359856650233269e-03,4.409499815665185452e-04,3.991960082203149796e-03,-3.669379977509379387e-03,-2.330040093511343002e-03,5.534389987587928772e-03,-2.812699822243303061e-04,1.733619952574372292e-03,4.814999701920896769e-04,2.404409926384687424e-03,-1.159999919764231890e-05,1.441189902834594250e-03,-2.407709835097193718e-03,-2.266699884785339236e-04,7.278899429365992546e-04,-1.691379933618009090e-03,-4.646599991247057915e-04,4.196599766146391630e-04,4.398500022944062948e-04,3.912379965186119080e-03,2.007499802857637405e-03,-2.143179997801780701e-03,1.149039948359131813e-03
-2.733200090005993843e-04,-1.966229872778058052e-03,2.237029839307069778e-03,-1.684830058366060257e-03,2.978119999170303345e-03,-4.036759957671165466e-03,-1.371630001813173294e-03,4.443350248038768768e-03,-1.211600028909742832e-03,-6.092399707995355129e-04,-7.923000375740230083e-04,3.533079754561185837e-03,-6.401199498213827610e-04,1.590500032762065530e-04,-3.460580017417669296e-03,-4.716199764516204596e-04,7.490099524147808552e-04,-1.648019999265670776e-03,-1.730840071104466915e-03,2.482610056176781654e-03,-5.143199814483523369e-04,2.719779731705784798e-03,2.726929960772395134e-03,-2.830789890140295029e-03,1.663259929046034813e-03
-3.077399742323905230e-04,-2.667909720912575722e-03,1.085669966414570808e-03,-5.411599995568394661e-04,1.451950054615736008e-03,-4.553140141069889069e-03,-2.853099955245852470e-03,4.837439861148595810e-03,-1.149829942733049393e-03,1.647099968977272511e-03,-1.193999923998489976e-04,3.281799843534827232e-03,-8.610999793745577335e-05,1.860650023445487022e-03,-1.970530021935701370e-03,8.277399465441703796e-04,-3.620899806264787912e-04,-1.037150039337575436e-03,4.963299725204706192e-04,2.439319854602217674e-03,1.421049935743212700e-03,4.544149618595838547e-03,3.151079872623085976e-03,-1.912079984322190285e-03,-1.550009939819574356e-03
-2.457689959555864334e-03,-2.625690074637532234e-03,1.757159945555031300e-03,-2.570099895820021629e-04,1.830689958296716213e-03,-2.066869987174868584e-03,-2.511979779228568077e-03,4.777910187840461731e-03,-9.300599922426044941e-04,-1.385709852911531925e-03,-1.077599954442121089e-04,3.694710088893771172e-03,-1.167159993201494217e-03,8.917400264181196690e-04,-3.224659711122512817e-03,1.811760012060403824e-03,-1.012099965009838343e-04,-1.647160039283335209e-03,-9.597199968993663788e-04,1.772319898009300232e-03,3.332399937789887190e-04,3.075900021940469742e-03,3.500179853290319443e-03,-3.637359943240880966e-03,1.302819931879639626e-03
-4.397000011522322893e-04,-2.345789922401309013e-03,1.126819988712668419e-03,1.917439978569746017e-03,2.105199964717030525e-03,-4.646379966288805008e-03,-2.746489830315113068e-03,4.009849857538938522e-03,-6.756400107406079769e-04,3.976699954364448786e-04,-1.743250060826539993e-03,2.581289969384670258e-03,-1.578200026415288448e-03,1.381049980409443378e-03,-2.949099987745285034e-03,-3.169099800288677216e-04,-1.150729949586093426e-03,-1.550199958728626370e-04,-7.087799604050815105e-04,7.446999661624431610e-04,-5.467899609357118607e-04,3.580830059945583344e-03,2.930569928139448166e-03,-4.002289846539497375e-03,1.908509992063045502e-03
-6.682900129817426205e-04,-2.134870039299130440e-03,1.478040008805692196e-03,-8.235099958255887032e-04,2.371009904891252518e-03,-4.012580029666423798e-03,-2.546559786424040794e-03,5.157660227268934250e-03,-7.546599954366683960e-04,1.163069973699748516e-03,-3.446099872235208750e-04,4.247929900884628296e-03,-6.542800110764801502e-04,9.120799950323998928e-04,-2.393859904259443283e-03,4.213700012769550085e-04,-5.485899746417999268e-04,-1.045519951730966568e-03,-9.449999779462814331e-04,1.220640027895569801e-03,2.008699957514181733e-04,3.281939774751663208e-03,4.023579880595207214e-03,-2.832229947671294212e-03,4.494199820328503847e-04
1.250409870408475399e-03,-1.943199895322322845e-03,1.236299984157085419e-03,-1.906380057334899902e-03,5.340289790183305740e-03,-4.435379989445209503e-03,-1.812339993193745613e-03,3.677949775010347366e-03,-1.098930020816624165e-03,-3.188400005456060171e-04,-1.132749952375888824e-03,3.222479950636625290e-03,-8.357799379155039787e-04,3.154499863740056753e-04,-2.434909809380769730e-03,-7.673600339330732822e-04,-5.199899896979331970e-04,-1.898899907246232033e-03,-1.966159790754318237e-03,2.823319984599947929e-03,6.559999746968969703e-05,3.282669931650161743e-03,6.251700106076896191e-04,-4.458060022443532944e-03,2.128849970176815987e-03
-3.262700047343969345e-04,-2.097939839586615562e-03,1.136080012656748295e-03,-1.159499952336773276e-04,2.829310018569231033e-03,-3.320130053907632828e-03,-2.877010032534599304e-03,3.996499814093112946e-03,-4.834999854210764170e-04,4.034599987789988518e-04,-6.472700042650103569e-04,3.139150096103549004e-03,2.681099867913872004e-04,3.225500113330781460e-04,-2.914980053901672363e-03,3.197000187356024981e-04,-1.095499959774315357e-03,-3.333200002089142799e-04,-8.292899583466351032e-04,1.358440029434859753e-03,-2.771399740595370531e-04,3.450819989666342735e-03,3.239169949665665627e-03,-3.150359960272908211e-03,8.584799943491816521e-04
-1.359999941996647976e-06,-1.547759980894625187e-03,-1.483499945607036352e-04,7.539899670518934727e-04,3.483399923425167799e-04,-4.284459631890058517e-03,-3.130539786070585251e-03,5.535690113902091980e-03,1.223810017108917236e-03,4.942499799653887749e-04,1.971399906324222684e-04,3.485729917883872986e-03,-5.886099534109234810e-04,-2.123199956258758903e-04,-2.691129921004176140e-03,-5.084000295028090477e-04,-1.749399962136521935e-04,-5.997699918225407600e-04,3.979999746661633253e-06,1.050549908541142941e-03,-9.024500031955540180e-04,3.261459991335868835e-03,3.707709722220897675e-03,-3.963179886341094971e-03,1.070259953849017620e-03
-2.158699935534968972e-04,-2.153159817680716515e-03,1.891089952550828457e-03,3.598599869292229414e-04,3.230029949918389320e-03,-3.935049753636121750e-03,-3.820449812337756157e-03,4.373569972813129425e-03,9.003999875858426094e-04,1.255020033568143845e-03,1.388999953633174300e-05,3.213749965652823448e-03,-2.485739998519420624e-03,-6.933800177648663521e-04,-8.652000105939805508e-04,5.851999740116298199e-04,-2.307300019310787320e-04,3.173199947923421860e-04,6.340499967336654663e-04,1.695309998467564583e-03,3.801099956035614014e-04,3.704180009663105011e-03,4.310339689254760742e-03,-1.799439894966781139e-03,6.095099961385130882e-04
-2.624399785418063402e-04,-1.962279900908470154e-03,8.685099892318248749e-04,-7.537700003013014793e-04,1.637959852814674377e-03,-4.633759614080190659e-03,-3.070630133152008057e-03,4.035539925098419189e-03,-1.527619897387921810e-03,2.329599956283345819e-04,-1.505479915067553520e-03,2.834239741787314415e-03,5.285899969749152660e-04,2.214679960161447525e-03,-3.240030026063323021e-03,-4.136399948038160801e-04,-1.740439911372959614e-03,-1.500029931776225567e-03,-1.587709877640008926e-03,1.573579967953264713e-03,1.253499940503388643e-04,3.392739919945597649e-03,3.607399994507431984e-03,-2.247289987280964851e-03,1.279180054552853107e-03
1.667299948167055845e-04,-1.682959962636232376e-03,1.495269942097365856e-03,5.887199658900499344e-04,1.203209976665675640e-03,-3.413819940760731697e-03,-3.496859921142458916e-03,5.148709751665592194e-03,3.062500036321580410e-04,8.364999666810035706e-05,3.067299840040504932e-04,3.629960119724273682e-03,-1.554560032673180103e-03,1.491100061684846878e-03,-2.475229790434241295e-03,1.686429954133927822e-03,6.213900051079690456e-04,-2.239029854536056519e-03,-3.443199966568499804e-04,1.395500003127381206e-04,-3.367000026628375053e-04,3.307299921289086342e-03,4.688639659434556961e-03,-2.291709883138537407e-03,6.848399643786251545e-04
-1.081060036085546017e-03,-1.748699927702546120e-03,-1.716939965263009071e-03,-7.583100232295691967e-04,8.100300328806042671e-04,-3.348749829456210136e-03,-3.065699944272637367e-03,5.447049625217914581e-03,1.751529984176158905e-03,2.185889985412359238e-03,-1.397099986206740141e-04,2.563429996371269226e-03,-2.184589859098196030e-03,1.007069949992001057e-03,-3.414300037547945976e-03,-1.091509941034018993e-03,-8.634199621155858040e-04,-4.047240130603313446e-03,-1.769880065694451332e-03,1.177420024760067463e-03,1.655099913477897644e-04,1.716219936497509480e-03,5.510049872100353241e-03,-3.972359932959079742e-03,1.623499847482889891e-04
-3.807299945037811995e-04,-1.765899942256510258e-04,5.198199651204049587e-04,7.065999670885503292e-05,1.994279911741614342e-03,-3.864749800413846970e-03,-2.471279818564653397e-03,4.323130007833242416e-03,1.087190001271665096e-03,1.890950021333992481e-03,-1.235959935002028942e-03,4.952339921146631241e-03,-1.196849974803626537e-03,-5.885999999009072781e-04,-2.275899983942508698e-03,1.447899849154055119e-03,2.687799860723316669e-04,5.262399790808558464e-04,2.142059849575161934e-03,3.138239961117506027e-03,9.773799683898687363e-04,4.949089605361223221e-03,3.201389918103814125e-03,-1.861189957708120346e-03,-2.961999962280970067e-05
-6.452599773183465004e-04,-2.136030001565814018e-03,9.799699764698743820e-04,-4.524800169747322798e-04,2.485810080543160439e-03,-3.557179821655154228e-03,-2.745339879766106606e-03,4.593069665133953094e-03,-8.527299505658447742e-04,5.147699848748743534e-04,-7.345799822360277176e-04,3.807759843766689301e-03,1.233700022567063570e-04,5.096299573779106140e-04,-2.892369870096445084e-03,5.341600044630467892e-04,-1.031529973261058331e-03,-4.821800102945417166e-04,-4.157900111749768257e-04,2.251330064609646797e-03,-1.359500020043924451e-04,3.807839937508106232e-03,3.406039904803037643e-03,-2.546139992773532867e-03,7.097599445842206478e-04
-6.995599833317101002e-04,-3.065659897401928902e-03,2.214539796113967896e-03,2.524999763409141451e-05,2.722789766266942024e-03,-3.374889958649873734e-03,-2.474579960107803345e-03,2.843550173565745354e-03,-2.166729886084794998e-03,-8.669999806443229318e-05,-7.400300237350165844e-04,3.422099864110350609e-03,-8.192399982362985611e-04,9.076499845832586288e-04,-4.255190026015043259e-03,-3.578900068532675505e-04,-2.935379976406693459e-03,4.089400172233581543e-04,-6.057899445295333862e-04,2.465859986841678619e-03,1.400199980707839131e-04,3.360829781740903854e-03,2.820439869537949562e-03,-3.726349910721182823e-03,2.889299939852207899e-04
-9.096799767576158047e-04,-9.618999320082366467e-04,1.767699868651106954e-04,-1.862660050392150879e-03,3.245879895985126495e-03,-5.249469541013240814e-03,-2.744880039244890213e-03,4.452109802514314651e-03,-2.928199828602373600e-04,6.157499738037586212e-04,-4.178599920123815536e-04,4.375169984996318817e-03,-1.584739889949560165e-03,7.225300068967044353e-04,-1.259679906070232391e-03,1.507929991930723190e-03,-4.718999844044446945e-04,3.489299851935356855e-04,1.757099962560459971e-04,3.232679795473814011e-03,2.026199945248663425e-04,4.607909824699163437e-03,6.978999590501189232e-05,-2.261129906401038170e-03,4.916999605484306812e-04
-1.428629970178008080e-03,-1.539849909022450447e-03,9.317399817518889904e-04,-8.680499740876257420e-04,1.655929954722523689e-03,-3.751969896256923676e-03,-2.940849866718053818e-03,4.553030245006084442e-03,-2.448070095852017403e-03,-5.257999873720109463e-04,-5.567100015468895435e-04,3.554289927706122398e-03,5.413200124166905880e-04,1.491370028816163540e-03,-2.762859920039772987e-03,1.065689953975379467e-03,-9.032200323417782784e-04,-1.783199986675754189e-04,-1.238510012626647949e-03,1.680230023339390755e-03,-3.708099829964339733e-04,3.969369921833276749e-03,3.289229702204465866e-03,-2.744059776887297630e-03,1.974629936739802361e-03
-8.869600133039057255e-04,-1.628780039027333260e-03,1.831979956477880478e-03,2.692099951673299074e-04,3.764640074223279953e-03,-4.712759517133235931e-03,-1.963309943675994873e-03,5.269140005111694336e-03,6.167499814182519913e-04,1.301729935221374035e-03,-3.404199960641562939e-04,2.763450145721435547e-03,-6.072699907235801220e-04,-9.138000314123928547e-05,-1.944209914654493332e-03,-1.184699940495193005e-04,2.408199943602085114e-04,-8.305399678647518158e-04,-9.722999675432220101e-05,1.895029912702739239e-03,5.395999760366976261e-04,3.981719724833965302e-03,2.499759895727038383e-03,-2.279009902849793434e-03,5.859300144948065281e-04
3.605699748732149601e-04,-2.184039913117885590e-03,1.287200022488832474e-03,1.048899954184889793e-03,2.411329885944724083e-03,-4.278599750250577927e-03,-2.821279922500252724e-03,4.122539889067411423e-03,9.047699277289211750e-04,4.632799827959388494e-04,-1.064879936166107655e-03,3.332999767735600471e-03,-1.434399862773716450e-03,-4.659999831346794963e-05,-1.697149942629039288e-03,7.849000394344329834e-05,-1.226469990797340870e-03,-7.385999924736097455e-05,1.446599926566705108e-04,1.323589938692748547e-03,-3.279299999121576548e-04,3.505569882690906525e-03,3.849099855870008469e-03,-3.063549986109137535e-03,6.058099679648876190e-04
-4.750800144392997026e-04,-2.637749770656228065e-03,-2.054899814538657665e-04,-5.265100044198334217e-04,3.075340064242482185e-03,-3.529709763824939728e-03,-3.288300009444355965e-03,4.789750091731548309e-03,6.808099569752812386e-04,8.813499589450657368e-04,1.532799942651763558e-04,3.949689678847789764e-03,-1.595899957465007901e-04,-1.222420018166303635e-03,-1.207369961775839329e-03,-1.380329951643943787e-03,-9.210299467667937279e-04,3.909099614247679710e-04,7.546199485659599304e-04,1.904370030388236046e-03,6.226300029084086418e-04,4.228829871863126755e-03,2.554500009864568710e-03,-3.295209957286715508e-03,1.303790020756423473e-03
-3.420799912419170141e-04,-1.895759953185915947e-03,9.659600327722728252e-04,8.165799663402140141e-04,1.980099827051162720e-03,-3.778350073844194412e-03,-2.098180120810866356e-03,4.845039919018745422e-03,3.521599865052849054e-04,1.520459889434278011e-03,-6.519900052808225155e-04,4.264849703758955002e-03,1.470999995945021510e-04,-3.363199939485639334e-04,-2.826650161296129227e-03,-7.024099468253552914e-04,-8.700499311089515686e-04,-4.332399985287338495e-04,3.662999952211976051e-04,7.198199746198952198e-04,1.115249935537576675e-03,3.223519772291183472e-03,4.443929996341466904e-03,-2.767209894955158234e-03,8.652500109747052193e-04
-4.228999750921502709e-05,-9.385299636051058769e-04,1.836899900808930397e-03,3.256659954786300659e-03,3.259960096329450607e-03,-3.544020000845193863e-03,-3.963490016758441925e-03,5.254509858787059784e-03,2.333519980311393738e-03,3.122720168903470039e-03,-4.448099934961646795e-04,1.368679921142756939e-03,-1.417140010744333267e-03,-8.417000208282843232e-05,-3.236959688365459442e-03,6.959000165807083249e-05,6.826999742770567536e-05,-1.188149908557534218e-03,7.057299953885376453e-04,5.939399707131087780e-04,5.972500075586140156e-04,3.731059841811656952e-03,3.760889871045947075e-03,-2.458039904013276100e-03,5.119999987073242664e-04
-7.554999319836497307e-04,-1.330949948169291019e-03,1.937129884026944637e-03,-2.081699902191758156e-03,2.883299719542264938e-03,-4.076179582625627518e-03,-2.777789952233433723e-03,3.831990063190460205e-03,-9.273599716834723949e-04,-2.286999952048063278e-04,1.603699929546564817e-04,4.314320161938667297e-03,-2.058950020000338554e-03,2.239099994767457247e-04,-2.937670098617672920e-03,7.257999968715012074e-04,8.919999527279287577e-05,-3.268299915362149477e-04,-1.245309947989881039e-03,2.743340097367763519e-03,-2.511399798095226288e-04,2.395909978076815605e-03,3.429980017244815826e-03,-2.676689764484763145e-03,1.030519953928887844e-03
-1.098899985663592815e-03,-2.173010027036070824e-03,4.816599830519407988e-04,1.953000028152018785e-04,5.747000104747712612e-04,-3.689680015668272972e-03,-2.491849940270185471e-03,5.558529868721961975e-03,1.641300041228532791e-03,1.840579905547201633e-03,-6.439600256271660328e-04,4.212710075080394745e-03,-2.177570015192031860e-03,-3.705399867612868547e-04,-1.601549913175404072e-03,-2.768299891613423824e-04,5.479300161823630333e-04,-1.117639942094683647e-03,8.374900207854807377e-04,1.676940009929239750e-03,1.396970008499920368e-03,2.722609788179397583e-03,5.503429565578699112e-03,-1.651159953325986862e-03,6.036600098013877869e-04
-5.024800193496048450e-04,-2.100919838994741440e-03,8.071400225162506104e-04,-1.005469937808811665e-03,2.779529895633459091e-03,-3.393410006538033485e-03,-2.638929989188909531e-03,3.927539568394422531e-03,-1.263689948245882988e-03,2.817499917000532150e-04,-1.298999995924532413e-05,4.629559814929962158e-03,-7.233200012706220150e-04,5.662399926222860813e-04,-1.637969980947673321e-03,-3.142999776173382998e-04,-1.009730040095746517e-03,-3.371899947524070740e-04,-7.619199459441006184e-04,1.850649947300553322e-03,2.665999927558004856e-04,4.478499758988618851e-03,2.602319931611418724e-03,-3.482240019366145134e-03,3.710599849000573158e-04
-1.105280010960996151e-03,-1.570470049045979977e-03,2.451099862810224295e-04,-7.755299448035657406e-04,2.547269919887185097e-03,-4.062499850988388062e-03,-2.046189969405531883e-03,5.147380288690328598e-03,-7.461000350303947926e-04,1.155350008048117161e-03,-4.396099830046296120e-04,3.415969898924231529e-03,1.595400099176913500e-04,1.137719955295324326e-03,-3.330579958856105804e-03,-4.425999941304326057e-04,6.799399852752685547e-04,-2.667180029675364494e-03,-1.877089962363243103e-03,1.093690050765872002e-03,5.560599965974688530e-04,2.388239838182926178e-03,3.318889997899532318e-03,-3.415870014578104019e-03,1.302500022575259209e-03
-3.740800020750612020e-04,-2.171610016375780106e-03,1.609739963896572590e-03,8.152200025506317616e-04,1.443870016373693943e-03,-3.388679819181561470e-03,-2.098999917507171631e-03,4.499750211834907532e-03,-1.566999999340623617e-04,1.186799956485629082e-03,-9.245599503628909588e-04,3.405190072953701019e-03,-1.234539900906383991e-03,1.727649942040443420e-03,-3.351019928231835365e-03,3.398400149308145046e-04,-6.477599963545799255e-04,-1.935599953867495060e-03,-9.720099624246358871e-04,8.543699514120817184e-04,-3.959999958169646561e-06,2.732439897954463959e-03,4.696949850767850876e-03,-2.701679943129420280e-03,6.630499265156686306e-04
-1.186440000310540199e-03,-1.617449917830526829e-03,1.932409941218793392e-03,9.807999595068395138e-05,2.739829942584037781e-03,-3.812629729509353638e-03,-2.643099986016750336e-03,4.534369800239801407e-03,-2.526300086174160242e-04,4.647200112231075764e-04,-6.738100200891494751e-04,3.607040038332343102e-03,-1.287100021727383137e-03,-6.770999607397243381e-05,-2.474299864843487740e-03,8.378799539059400558e-04,-2.034500066656619310e-04,-6.369200418703258038e-04,5.570700159296393394e-04,1.644739881157875061e-03,1.535199990030378103e-04,3.404250135645270348e-03,3.002719720825552940e-03,-2.572439843788743019e-03,8.882799302227795124e-04
7.917000039014965296e-05,-2.391879912465810776e-03,2.345989923924207687e-03,-3.455499827396124601e-04,3.835889976471662521e-03,-3.169470001012086868e-03,-3.196979872882366180e-03,4.405130166560411453e-03,6.902699824422597885e-04,9.653499582782387733e-04,-8.342000073753297329e-04,4.630399867892265320e-03,1.820199831854552031e-04,-1.733139972202479839e-03,-1.628039870411157608e-03,3.376399981789290905e-04,-8.519399561919271946e-04,8.614300168119370937e-04,2.115210052579641342e-03,1.030699932016432285e-03,1.332170097157359123e-03,4.247710108757019043e-03,2.569360192865133286e-03,-1.554879941977560520e-03,6.216699839569628239e-04
-3.863799793180078268e-04,-4.649600014090538025e-04,2.700099954381585121e-03,8.425199775956571102e-04,3.382300026714801788e-03,-4.374159965664148331e-03,-2.472040010616183281e-03,5.013870075345039368e-03,1.391189987771213055e-03,7.403499330393970013e-04,-7.111799786798655987e-04,1.550419838167726994e-03,-2.940919948741793633e-03,1.616989960893988609e-03,-3.609189996495842934e-03,1.199560007080435753e-03,1.593369990587234497e-03,-8.884999551810324192e-04,-4.411400004755705595e-04,1.908059930428862572e-03,-3.094999992754310369e-04,3.355099819600582123e-03,3.667679848149418831e-03,-1.302780001424252987e-03,1.197409932501614094e-03
-1.796070020645856857e-03,-2.310449955984950066e-03,1.267169951461255550e-03,9.682099916972219944e-04,1.916909939609467983e-03,-3.007569815963506699e-03,-3.111209720373153687e-03,4.925160203129053116e-03,1.653099898248910904e-04,-4.271299985703080893e-04,-1.264200080186128616e-03,3.922979813069105148e-03,-2.746840007603168488e-03,1.256089890375733376e-03,-2.491609891876578331e-03,1.720660016871988773e-03,6.150399567559361458e-04,-1.997239887714385986e-03,7.943299715407192707e-04,1.165610039606690407e-03,3.398199914954602718e-04,3.316510003060102463e-03,2.512690145522356033e-03,-2.996850060299038887e-03,-2.139999996870756149e-04
-2.314989920705556870e-03,-2.427599858492612839e-03,4.942099913023412228e-04,1.351860002614557743e-03,1.602499833097681403e-04,-2.930619986727833748e-03,-4.452790133655071259e-03,4.533779807388782501e-03,1.007899991236627102e-04,-1.005499972961843014e-03,-1.414900034433230758e-04,4.139340016990900040e-03,-1.921229879371821880e-03,3.968999953940510750e-05,-3.001979785040020943e-03,1.551219960674643517e-03,-1.134269987232983112e-03,-4.438199684955179691e-04,-4.122199898120015860e-04,1.007969956845045090e-03,-1.737180049531161785e-03,2.568089868873357773e-03,5.307649727910757065e-03,-2.597610000520944595e-03,5.861999816261231899e-04
-8.886999567039310932e-04,-1.483249943703413010e-03,1.589879975654184818e-03,1.453499862691387534e-04,2.449979772791266441e-03,-3.788819769397377968e-03,-2.313510049134492874e-03,4.801459610462188721e-03,-8.786999387666583061e-05,1.004889956675469875e-03,-4.665899905376136303e-04,3.792769741266965866e-03,-6.564600043930113316e-04,1.538799988338723779e-04,-2.282009925693273544e-03,7.890699780546128750e-04,-1.510400034021586180e-04,-7.595899514853954315e-04,-2.828999822668265551e-05,1.765739987604320049e-03,8.438999793725088239e-05,3.659149864688515663e-03,2.874739933758974075e-03,-2.256689826026558876e-03,5.643799668177962303e-04
-4.972000024281442165e-04,-2.242319984361529350e-03,9.523499757051467896e-04,-1.123879919759929180e-03,1.417499850504100323e-03,-4.401260055601596832e-03,-3.343760035932064056e-03,4.948099609464406967e-03,-1.044690026901662350e-03,6.875499966554343700e-04,1.326399942627176642e-04,3.055089851841330528e-03,-8.982199942693114281e-04,1.581409946084022522e-03,-2.553049940615892410e-03,-1.939700014190748334e-04,-5.554399685934185982e-04,-1.699369982816278934e-03,-1.812659902498126030e-03,1.795669901184737682e-03,-6.515999557450413704e-04,2.769649960100650787e-03,3.543929895386099815e-03,-2.240049885585904121e-03,7.491500000469386578e-04
-1.421889872290194035e-03,-1.138429972343146801e-03,1.873419969342648983e-03,3.194999881088733673e-04,4.266289994120597839e-03,-4.081420134752988815e-03,-2.071680035442113876e-03,4.745929967612028122e-03,-1.955699844984337687e-04,7.984300027601420879e-04,-1.653599902056157589e-04,3.547339932993054390e-03,-2.692099951673299074e-04,-5.208399961702525616e-04,-2.509590005502104759e-03,-1.845299993874505162e-04,-4.931599833071231842e-04,-8.899799431674182415e-04,-6.968799862079322338e-04,1.995459897443652153e-03,3.067899961024522781e-04,3.197920043021440506e-03,2.403629943728446960e-03,-3.155609825626015663e-03,6.604400114156305790e-04
7.953300373628735542e-04,-2.179950010031461716e-03,1.207479974254965782e-03,4.080099752172827721e-04,3.785609733313322067e-03,-2.868399955332279205e-03,-3.527269931510090828e-03,3.758629783987998962e-03,-5.207000067457556725e-04,6.515099667012691498e-04,-1.706719980575144291e-03,4.069860093295574188e-03,1.368950004689395428e-03,-2.349800051888450980e-04,-2.248249948024749756e-03,-4.391599795781075954e-04,-1.511420006863772869e-03,-9.498000144958496094e-04,-3.333000058773905039e-04,6.239999784156680107e-04,6.485600024461746216e-04,3.758220002055168152e-03,3.762189997360110283e-03,-2.290409989655017853e-03,1.225600019097328186e-03
-8.596300031058490276e-04,-2.468559890985488892e-03,8.122799918055534363e-04,6.345199653878808022e-04,2.010769909247756004e-03,-4.046269692480564117e-03,-2.893859986215829849e-03,4.320949781686067581e-03,-4.282999725546687841e-05,5.749299889430403709e-04,-9.597999451216310263e-05,4.753119777888059616e-03,-1.123270019888877869e-03,7.249899790622293949e-04,-1.738899853080511093e-03,-7.508999551646411419e-04,-6.489399820566177368e-04,-6.361500127241015434e-04,4.825799842365086079e-04,4.146400024183094501e-04,-1.963300019269809127e-04,3.885869868099689484e-03,2.680540084838867188e-03,-3.440319793298840523e-03,9.949499508365988731e-04
-6.838300032541155815e-04,-2.070119837298989296e-03,5.854499759152531624e-04,-4.632899945136159658e-04,5.655099521391093731e-04,-2.529700053855776787e-03,-4.217090085148811340e-03,4.878869745880365372e-03,9.188299882225692272e-04,3.463200118858367205e-04,3.644099633675068617e-04,6.127859931439161301e-03,-1.200350001454353333e-03,1.033099979395046830e-04,-1.639329944737255573e-03,1.622260082513093948e-03,-1.092479913495481014e-03,-1.129259937442839146e-03,-7.140999659895896912e-04,1.759739941917359829e-03,5.164900212548673153e-04,2.769829938188195229e-03,5.541800055652856827e-03,-1.132500008679926395e-03,3.074999767704866827e-05
-3.599099873099476099e-04,-1.681410009041428566e-03,5.784299573861062527e-04,7.495500030927360058e-04,3.343289950862526894e-03,-4.726569633930921555e-03,-2.317710081115365028e-03,4.334670025855302811e-03,1.503700041212141514e-04,1.677959924563765526e-03,1.657899993006139994e-04,3.010239917784929276e-03,-1.638059969991445541e-03,-3.588499675970524549e-04,-2.129559870809316635e-03,-1.060499998857267201e-04,-3.199499915353953838e-04,-1.218040008097887039e-03,-9.538800222799181938e-04,1.750909956172108650e-03,-6.099999882280826569e-05,3.038269700482487679e-03,3.035190049558877945e-03,-4.147959873080253601e-03,9.279199293814599514e-04
8.110399940051138401e-04,-1.494860043749213219e-03,1.637189998291432858e-03,-1.685669994913041592e-03,3.425100119784474373e-03,-4.278909880667924881e-03,-2.914780052378773689e-03,3.954779822379350662e-03,-5.315000089467503130e-05,1.378829940222203732e-03,-1.931899896590039134e-04,4.050169605761766434e-03,-7.744999602437019348e-04,6.010099896229803562e-04,-1.727540045976638794e-03,-6.430000212276354432e-05,-2.918500103987753391e-04,-9.545499342493712902e-04,5.146999683347530663e-05,1.889919862151145935e-03,8.533000072930008173e-05,3.860630095005035400e-03,2.738719806075096130e-03,-2.005950082093477249e-03,1.055899992934428155e-04
-7.573999755550175905e-05,6.565899820998311043e-04,1.188499969430267811e-03,-8.401899831369519234e-04,5.211489740759134293e-03,-4.040080122649669647e-03,-2.898599952459335327e-03,3.960540052503347397e-03,-1.934289932250976562e-03,2.201759954914450645e-03,1.611899933777749538e-04,3.102560061961412430e-03,2.399059943854808807e-03,3.379900008440017700e-04,-4.081219900399446487e-03,4.068599955644458532e-04,-1.765799970598891377e-04,-1.172640011645853519e-03,-2.755909692496061325e-03,1.183390035293996334e-03,6.519000162370502949e-04,3.568860003724694252e-03,1.987889874726533890e-03,-3.540039993822574615e-03,5.496700177900493145e-04
-2.743429969996213913e-03,-1.808090019039809704e-03,1.207299937959760427e-04,-2.884499845094978809e-04,3.409049939364194870e-03,-3.147459821775555611e-03,-1.786479959264397621e-03,4.188359715044498444e-03,1.685969997197389603e-03,7.841699989512562752e-04,-1.683599984971806407e-04,3.706229850649833679e-03,-2.171559957787394524e-03,-1.687649870291352272e-03,-3.162400098517537117e-03,1.009689993225038052e-03,3.202199877705425024e-04,-9.882199810817837715e-04,1.116700004786252975e-04,2.325649838894605637e-03,-1.101189991459250450e-03,2.907670103013515472e-03,3.921430092304944992e-03,-3.817490069195628166e-03,-2.030500036198645830e-04
-1.696469844318926334e-03,-2.100699930451810360e-04,3.185149980708956718e-03,-6.615999882342293859e-05,2.554459730163216591e-03,-4.868459887802600861e-03,-1.962009817361831665e-03,4.627489950507879257e-03,-7.099999947968171909e-06,1.613070024177432060e-03,4.805499920621514320e-04,4.320390056818723679e-03,-1.584240002557635307e-03,-1.166029949672520161e-03,-2.313719829544425011e-03,1.493649906478822231e-03,2.890799951273947954e-04,2.560999928391538560e-05,1.450159936212003231e-03,2.002169843763113022e-03,3.600899653974920511e-04,4.553209990262985229e-03,1.419559936039149761e-03,-1.817969954572618008e-03,1.761900057317689061e-04
-9.159600012935698032e-04,-2.673619892448186874e-03,1.358559937216341496e-03,-1.143579953350126743e-03,2.184779848903417587e-03,-3.407299984246492386e-03,-2.690640045329928398e-03,3.737659892067313194e-03,-2.106080064550042152e-03,-1.648899924475699663e-04,-6.790600018575787544e-04,4.601799882948398590e-03,-1.995909959077835083e-03,8.778999326750636101e-04,-1.967750024050474167e-03,2.175959991291165352e-03,-1.205279957503080368e-03,1.317919930443167686e-03,1.029499922879040241e-03,2.712950110435485840e-03,8.217599825002253056e-04,3.949029836803674698e-03,4.706259816884994507e-03,-2.044129883870482445e-03,2.257399901282042265e-04
